{
  "skins": [
	{
      "localization_name": "Harry Potter 1",
      "geometry": "geometry.humanoid.customSlim",
      "texture": "Harry Potter 1.png",
      "type": "free"
    },
	{
      "localization_name": "Harry Potter 2",
      "geometry": "geometry.humanoid.customSlim",
      "texture": "Harry Potter 2.png",
      "type": "free"
    },
	{
      "localization_name": "Harry Potter 3",
      "geometry": "geometry.humanoid.customSlim",
      "texture": "Harry Potter 3.png",
      "type": "free"
    },
    {
      "localization_name": "Harry Potter 4",
      "geometry": "geometry.humanoid.customSlim",
      "texture": "Harry Potter 4.png",
      "type": "free"
    },
    {
      "localization_name": "Harry Potter 5",
      "geometry": "geometry.humanoid.custom",
      "texture": "Harry Potter 5.png",
      "type": "free"
    },
    {
      "localization_name": "Harry Potter 6",
      "geometry": "geometry.humanoid.custom",
      "texture": "Harry Potter 6.png",
      "type": "free"
    },
    {
      "localization_name": "Harry Potter 7",
      "geometry": "geometry.humanoid.customSlim",
      "texture": "Harry Potter 7.png",
      "type": "free"
    },
    {
      "localization_name": "Harry Potter 8",
      "geometry": "geometry.humanoid.custom",
      "texture": "Harry Potter 8.png",
      "type": "free"
    },
    {
      "localization_name": "Harry Potter 9",
      "geometry": "geometry.humanoid.custom",
      "texture": "Harry Potter 9.png",
      "type": "free"
    },
    {
      "localization_name": "Harry Potter 10",
      "geometry": "geometry.humanoid.customSlim",
      "texture": "Harry Potter 10.png",
      "type": "free"
    },
    {
      "localization_name": "Harry Potter 11",
      "geometry": "geometry.humanoid.customSlim",
      "texture": "Harry Potter 11.png",
      "type": "free"
    },
    {
      "localization_name": "Harry Potter 12",
      "geometry": "geometry.humanoid.custom",
      "texture": "Harry Potter 12.png",
      "type": "free"
    },
    {
      "localization_name": "Hermione 1",
      "geometry": "geometry.humanoid.customSlim",
      "texture": "Hermione 1.png",
      "type": "free"
    },
    {
      "localization_name": "Hermione 2",
      "geometry": "geometry.humanoid.customSlim",
      "texture": "Hermione 2.png",
      "type": "free"
    },
    {
      "localization_name": "Hermione 3",
      "geometry": "geometry.humanoid.customSlim",
      "texture": "Hermione 3.png",
      "type": "free"
    },
    {
      "localization_name": "Hermione 4",
      "geometry": "geometry.humanoid.customSlim",
      "texture": "Hermione 4.png",
      "type": "free"
    },
    {
      "localization_name": "Hermione 5",
      "geometry": "geometry.humanoid.customSlim",
      "texture": "Hermione 5.png",
      "type": "free"
    },
    {
      "localization_name": "Hermione 6",
      "geometry": "geometry.humanoid.customSlim",
      "texture": "Hermione 6.png",
      "type": "free"
    },
    {
      "localization_name": "Hermione 7",
      "geometry": "geometry.humanoid.customSlim",
      "texture": "Hermione 7.png",
      "type": "free"
    },
    {
      "localization_name": "Hermione 8",
      "geometry": "geometry.humanoid.custom",
      "texture": "Hermione 8.png",
      "type": "free"
    },
    {
      "localization_name": "Ron 1",
      "geometry": "geometry.humanoid.customSlim",
      "texture": "Ron 1.png",
      "type": "free"
    },
    {
      "localization_name": "Ron 2",
      "geometry": "geometry.humanoid.customSlim",
      "texture": "Ron 2.png",
      "type": "free"
    },
    {
      "localization_name": "Ron 3",
      "geometry": "geometry.humanoid.customSlim",
      "texture": "Ron 3.png",
      "type": "free"
    },
    {
      "localization_name": "Ron 4",
      "geometry": "geometry.humanoid.custom",
      "texture": "Ron 4.png",
      "type": "free"
    },
    {
      "localization_name": "Draco 1",
      "geometry": "geometry.humanoid.custom",
      "texture": "Draco 1.png",
      "type": "free"
    },
    {
      "localization_name": "Draco 2",
      "geometry": "geometry.humanoid.custom",
      "texture": "Draco 2.png",
      "type": "free"
    },
    {
      "localization_name": "Draco 3",
      "geometry": "geometry.humanoid.custom",
      "texture": "Draco 3.png",
      "type": "free"
    },
    {
      "localization_name": "Draco 4",
      "geometry": "geometry.humanoid.custom",
      "texture": "Draco 4.png",
      "type": "free"
    },
    {
      "localization_name": "Dumbledore",
      "geometry": "geometry.humanoid.custom",
      "texture": "Dumbledore.png",
      "type": "free"
    },
    {
      "localization_name": "Severus Snape",
      "geometry": "geometry.humanoid.customSlim",
      "texture": "Severus Snape.png",
      "type": "free"
    },
    {
      "localization_name": "Hagrid",
      "geometry": "geometry.humanoid.custom",
      "texture": "Hagrid.png",
      "type": "free"
    },
    {
      "localization_name": "Alastor Moody",
      "geometry": "geometry.humanoid.customSlim",
      "texture": "Alastor Moody.png",
      "type": "free"
    },
    {
      "localization_name": "Ginny 1",
      "geometry": "geometry.humanoid.customSlim",
      "texture": "Ginny 1.png",
      "type": "free"
    },
    {
      "localization_name": "Ginny 2",
      "geometry": "geometry.humanoid.customSlim",
      "texture": "Ginny 2.png",
      "type": "free"
    },
    {
      "localization_name": "Ginny 3",
      "geometry": "geometry.humanoid.custom",
      "texture": "Ginny 3.png",
      "type": "free"
    },
    {
      "localization_name": "Ginny 4",
      "geometry": "geometry.humanoid.custom",
      "texture": "Ginny 4.png",
      "type": "free"
    },
    {
      "localization_name": "Ginny 5",
      "geometry": "geometry.humanoid.custom",
      "texture": "Ginny 5.png",
      "type": "free"
    },
    {
      "localization_name": "Ginny 6",
      "geometry": "geometry.humanoid.customSlim",
      "texture": "Ginny 6.png",
      "type": "free"
    },
    {
      "localization_name": "Ginny 7",
      "geometry": "geometry.humanoid.customSlim",
      "texture": "Ginny 7.png",
      "type": "free"
    },
    {
      "localization_name": "Ginny 8",
      "geometry": "geometry.humanoid.customSlim",
      "texture": "Ginny 8.png",
      "type": "free"
    },
    {
      "localization_name": "Sirius Black",
      "geometry": "geometry.humanoid.customSlim",
      "texture": "Sirius Black.png",
      "type": "free"
    },
    {
      "localization_name": "Remus Lupin",
      "geometry": "geometry.humanoid.custom",
      "texture": "Remus Lupin.png",
      "type": "free"
    },
    {
      "localization_name": "Fred Weasley",
      "geometry": "geometry.humanoid.custom",
      "texture": "Fred Weasley.png",
      "type": "free"
    },
    {
      "localization_name": "George Weasley",
      "geometry": "geometry.humanoid.custom",
      "texture": "George Weasley.png",
      "type": "free"
    },
    {
      "localization_name": "Luna 1",
      "geometry": "geometry.humanoid.customSlim",
      "texture": "Luna 1.png",
      "type": "free"
    },
    {
      "localization_name": "Luna 2",
      "geometry": "geometry.humanoid.customSlim",
      "texture": "Luna 2.png",
      "type": "free"
    },
    {
      "localization_name": "Luna 3",
      "geometry": "geometry.humanoid.customSlim",
      "texture": "Luna 3.png",
      "type": "free"
    },
    {
      "localization_name": "Luna 4",
      "geometry": "geometry.humanoid.customSlim",
      "texture": "Luna 4.png",
      "type": "free"
    },
    {
      "localization_name": "Cedric Diggory",
      "geometry": "geometry.humanoid.custom",
      "texture": "Cedric Diggory.png",
      "type": "free"
    },
    {
      "localization_name": "Cho Chang",
      "geometry": "geometry.humanoid.customSlim",
      "texture": "Cho Chang.png",
      "type": "free"
    },
    {
      "localization_name": "Tonks",
      "geometry": "geometry.humanoid.customSlim",
      "texture": "Tonks.png",
      "type": "free"
    },
    {
      "localization_name": "Dobby",
      "geometry": "geometry.humanoid.custom",
      "texture": "Dobby.png",
      "type": "free"
    },
    {
      "localization_name": "Tom Riddle 1",
      "geometry": "geometry.humanoid.customSlim",
      "texture": "Tom Riddle 1.png",
      "type": "free"
    },
    {
      "localization_name": "Tom Riddle 2",
      "geometry": "geometry.humanoid.custom",
      "texture": "Tom Riddle 2.png",
      "type": "free"
    },
    {
      "localization_name": "Voldemort 1",
      "geometry": "geometry.humanoid.customSlim",
      "texture": "Voldemort 1.png",
      "type": "free"
    },
    {
      "localization_name": "Voldemort 2",
      "geometry": "geometry.humanoid.customSlim",
      "texture": "Voldemort 2.png",
      "type": "free"
    },
    {
      "localization_name": "Bellator Lestrange",
      "geometry": "geometry.humanoid.customSlim",
      "texture": "Bellator Lestrange.png",
      "type": "free"
    },
    {
      "localization_name": "Newt Scamander 1",
      "geometry": "geometry.humanoid.customSlim",
      "texture": "Newt Scamander 1.png",
      "type": "free"
    },
    {
      "localization_name": "Newt Scamander 2",
      "geometry": "geometry.humanoid.customSlim",
      "texture": "Newt Scamander 2.png",
      "type": "free"
    },
    {
      "localization_name": "Newt Scamander 3",
      "geometry": "geometry.humanoid.customSlim",
      "texture": "Newt Scamander 3.png",
      "type": "free"
    },
    {
      "localization_name": "Gellert Grindelwald 1",
      "geometry": "geometry.humanoid.customSlim",
      "texture": "Gellert Grindelwald 1.png",
      "type": "free"
    },
    {
      "localization_name": "Gellert Grindelwald 2",
      "geometry": "geometry.humanoid.customSlim",
      "texture": "Gellert Grindelwald 2.png",
      "type": "free"
    },
    {
      "localization_name": "Dumbledore (Fantastic Beasts)",
      "geometry": "geometry.humanoid.customSlim",
      "texture": "Dumbledore (Fantastic Beasts).png",
      "type": "free"
    },
    {
      "localization_name": "Leta Lestrange",
      "geometry": "geometry.humanoid.customSlim",
      "texture": "Leta Lestrange.png",
      "type": "free"
    },
    {
      "localization_name": "Propentina Goldstein",
      "geometry": "geometry.humanoid.customSlim",
      "texture": "Propentina Goldstein.png",
      "type": "free"
    },
    {
      "localization_name": "The Niffler",
      "geometry": "geometry.humanoid.customSlim",
      "texture": "The Niffler.png",
      "type": "free"
    },
    {
      "localization_name": "Jacob Kowalski",
      "geometry": "geometry.humanoid.customSlim",
      "texture": "Jacob Kowalski.png",
      "type": "free"
    },
    {
      "localization_name": "Colin Farrell",
      "geometry": "geometry.humanoid.custom",
      "texture": "Colin Farrell.png",
      "type": "free"
    }
  ],
  "serialize_name": "HarryPotter",
  "localization_name": "HarryPotter"
}